danceability,energy,key,loudness,mode,speechiness,acousticness,instrumentalness,liveness,valence,tempo,type,id,uri,track_href,analysis_url,duration_ms,time_signature
0.781,0.445,2,-6.061,1,0.0295,0.474,0,0.184,0.591,78.998,audio_features,34gCuhDGsG4bRPIf9bb02f,spotify:track:34gCuhDGsG4bRPIf9bb02f,https://api.spotify.com/v1/tracks/34gCuhDGsG4bRPIf9bb02f,https://api.spotify.com/v1/audio-analysis/34gCuhDGsG4bRPIf9bb02f,281560,4
0.717,0.499,5,-7.123,1,0.0478,0.499,0,0.071,0.541,81.995,audio_features,6WNqOfvfqmbyCk23ejRBwO,spotify:track:6WNqOfvfqmbyCk23ejRBwO,https://api.spotify.com/v1/tracks/6WNqOfvfqmbyCk23ejRBwO,https://api.spotify.com/v1/audio-analysis/6WNqOfvfqmbyCk23ejRBwO,222329,4
0.431,0.81,7,-6.051,1,0.0958,0.299,0,0.249,0.674,110.118,audio_features,0LH5xRQz5D36FpIkYUFv2e,spotify:track:0LH5xRQz5D36FpIkYUFv2e,https://api.spotify.com/v1/tracks/0LH5xRQz5D36FpIkYUFv2e,https://api.spotify.com/v1/audio-analysis/0LH5xRQz5D36FpIkYUFv2e,205800,4
0.685,0.474,0,-9.105,1,0.0313,0.779,0.00000123,0.149,0.36,79.991,audio_features,1jdNcAD8Ir58RlsdGjJJdx,spotify:track:1jdNcAD8Ir58RlsdGjJJdx,https://api.spotify.com/v1/tracks/1jdNcAD8Ir58RlsdGjJJdx,https://api.spotify.com/v1/audio-analysis/1jdNcAD8Ir58RlsdGjJJdx,161227,4
0.473,0.789,1,-5.171,1,0.0336,0.0263,0,0.132,0.394,103.225,audio_features,2ihCaVdNZmnHZWt0fvAM7B,spotify:track:2ihCaVdNZmnHZWt0fvAM7B,https://api.spotify.com/v1/tracks/2ihCaVdNZmnHZWt0fvAM7B,https://api.spotify.com/v1/audio-analysis/2ihCaVdNZmnHZWt0fvAM7B,266600,4
0.485,0.619,5,-7.115,0,0.0289,0.0941,0.00000331,0.109,0.416,138.017,audio_features,1mea3bSkSGXuIRvnydlB5b,spotify:track:1mea3bSkSGXuIRvnydlB5b,https://api.spotify.com/v1/tracks/1mea3bSkSGXuIRvnydlB5b,https://api.spotify.com/v1/audio-analysis/1mea3bSkSGXuIRvnydlB5b,242373,4
0.857,0.517,0,-6.972,1,0.0384,0.565,0.000195,0.102,0.754,129.063,audio_features,4wCmqSrbyCgxEXROQE6vtV,spotify:track:4wCmqSrbyCgxEXROQE6vtV,https://api.spotify.com/v1/tracks/4wCmqSrbyCgxEXROQE6vtV,https://api.spotify.com/v1/audio-analysis/4wCmqSrbyCgxEXROQE6vtV,244973,4
0.449,0.585,5,-6.762,1,0.0268,0.0522,0.0000849,0.0833,0.203,139.627,audio_features,6nek1Nin9q48AVZcWs9e9D,spotify:track:6nek1Nin9q48AVZcWs9e9D,https://api.spotify.com/v1/tracks/6nek1Nin9q48AVZcWs9e9D,https://api.spotify.com/v1/audio-analysis/6nek1Nin9q48AVZcWs9e9D,278719,4
0.476,0.918,8,-3.988,1,0.0616,0.00895,0,0.292,0.717,154.897,audio_features,5JGxJFdgOQdJZdmyEzDtTj,spotify:track:5JGxJFdgOQdJZdmyEzDtTj,https://api.spotify.com/v1/tracks/5JGxJFdgOQdJZdmyEzDtTj,https://api.spotify.com/v1/audio-analysis/5JGxJFdgOQdJZdmyEzDtTj,179387,4
0.577,0.749,5,-7.215,0,0.0279,0.599,0.0112,0.183,0.261,130.969,audio_features,0BCPKOYdS2jbQ8iyB56Zns,spotify:track:0BCPKOYdS2jbQ8iyB56Zns,https://api.spotify.com/v1/tracks/0BCPKOYdS2jbQ8iyB56Zns,https://api.spotify.com/v1/audio-analysis/0BCPKOYdS2jbQ8iyB56Zns,307880,4
0.509,0.538,7,-7.335,1,0.0572,0.385,0,0.104,0.244,75.089,audio_features,7DFNE7NO0raLIUbgzY2rzm,spotify:track:7DFNE7NO0raLIUbgzY2rzm,https://api.spotify.com/v1/tracks/7DFNE7NO0raLIUbgzY2rzm,https://api.spotify.com/v1/audio-analysis/7DFNE7NO0raLIUbgzY2rzm,252867,4
0.641,0.922,2,-4.457,1,0.0786,0.0291,0,0.0862,0.847,146.078,audio_features,3bidbhpOYeV4knp8AIu8Xn,spotify:track:3bidbhpOYeV4knp8AIu8Xn,https://api.spotify.com/v1/tracks/3bidbhpOYeV4knp8AIu8Xn,https://api.spotify.com/v1/audio-analysis/3bidbhpOYeV4knp8AIu8Xn,258343,4
0.421,0.873,10,-4.343,1,0.0565,0.0653,0,0.123,0.63,84.803,audio_features,7wMq5n8mYSKlQIGECKUgTX,spotify:track:7wMq5n8mYSKlQIGECKUgTX,https://api.spotify.com/v1/tracks/7wMq5n8mYSKlQIGECKUgTX,https://api.spotify.com/v1/audio-analysis/7wMq5n8mYSKlQIGECKUgTX,202533,4
0.725,0.68,8,-5.465,1,0.0306,0.162,0.00000213,0.158,0.76,119.939,audio_features,2wqaekenSQZm7hxQOYt8oE,spotify:track:2wqaekenSQZm7hxQOYt8oE,https://api.spotify.com/v1/tracks/2wqaekenSQZm7hxQOYt8oE,https://api.spotify.com/v1/audio-analysis/2wqaekenSQZm7hxQOYt8oE,247520,4
0.612,0.28,0,-8.648,1,0.0434,0.932,0,0.088,0.387,72.795,audio_features,0nJW01T7XtvILxQgC5J7Wh,spotify:track:0nJW01T7XtvILxQgC5J7Wh,https://api.spotify.com/v1/tracks/0nJW01T7XtvILxQgC5J7Wh,https://api.spotify.com/v1/audio-analysis/0nJW01T7XtvILxQgC5J7Wh,213827,4
0.778,0.547,2,-7.273,1,0.0489,0.346,0.000302,0.132,0.441,95.002,audio_features,1mKXFLRA179hdOWQBwUk9e,spotify:track:1mKXFLRA179hdOWQBwUk9e,https://api.spotify.com/v1/tracks/1mKXFLRA179hdOWQBwUk9e,https://api.spotify.com/v1/audio-analysis/1mKXFLRA179hdOWQBwUk9e,242733,4
0.573,0.929,8,-3.942,0,0.109,0.197,0.000112,0.0567,0.582,127.934,audio_features,24LS4lQShWyixJ0ZrJXfJ5,spotify:track:24LS4lQShWyixJ0ZrJXfJ5,https://api.spotify.com/v1/tracks/24LS4lQShWyixJ0ZrJXfJ5,https://api.spotify.com/v1/audio-analysis/24LS4lQShWyixJ0ZrJXfJ5,212560,4
0.755,0.74,1,-4.951,1,0.0407,0.0225,0.00139,0.124,0.609,127.98,audio_features,14fmbvjYLqRZEXz1VZdM2M,spotify:track:14fmbvjYLqRZEXz1VZdM2M,https://api.spotify.com/v1/tracks/14fmbvjYLqRZEXz1VZdM2M,https://api.spotify.com/v1/audio-analysis/14fmbvjYLqRZEXz1VZdM2M,215760,4
0.668,0.758,7,-3.589,1,0.158,0.0338,0,0.204,0.531,135.958,audio_features,4yOn1TEcfsKHUJCL2h1r8I,spotify:track:4yOn1TEcfsKHUJCL2h1r8I,https://api.spotify.com/v1/tracks/4yOn1TEcfsKHUJCL2h1r8I,https://api.spotify.com/v1/audio-analysis/4yOn1TEcfsKHUJCL2h1r8I,229507,4
0.727,0.91,0,-4.516,1,0.0466,0.00211,0.00000101,0.165,0.747,127.088,audio_features,7fmpKF0rLGPnP7kcQ5ZMm7,spotify:track:7fmpKF0rLGPnP7kcQ5ZMm7,https://api.spotify.com/v1/tracks/7fmpKF0rLGPnP7kcQ5ZMm7,https://api.spotify.com/v1/audio-analysis/7fmpKF0rLGPnP7kcQ5ZMm7,207440,4
0.66,0.9,7,-5.02,1,0.14,0.0403,0,0.219,0.591,85.51,audio_features,28GUjBGqZVcAV4PHSYzkj2,spotify:track:28GUjBGqZVcAV4PHSYzkj2,https://api.spotify.com/v1/tracks/28GUjBGqZVcAV4PHSYzkj2,https://api.spotify.com/v1/audio-analysis/28GUjBGqZVcAV4PHSYzkj2,213253,4
0.413,0.856,0,-4.078,0,0.0808,0.0289,0.00571,0.343,0.35,128.017,audio_features,07nH4ifBxUB4lZcsf44Brn,spotify:track:07nH4ifBxUB4lZcsf44Brn,https://api.spotify.com/v1/tracks/07nH4ifBxUB4lZcsf44Brn,https://api.spotify.com/v1/audio-analysis/07nH4ifBxUB4lZcsf44Brn,212960,4
0.472,0.824,7,-7.937,0,0.0554,0.0189,0.0000023,0.107,0.301,140.027,audio_features,75hLNJfiXV5k2YGrbGEW51,spotify:track:75hLNJfiXV5k2YGrbGEW51,https://api.spotify.com/v1/tracks/75hLNJfiXV5k2YGrbGEW51,https://api.spotify.com/v1/audio-analysis/75hLNJfiXV5k2YGrbGEW51,185080,4
0.596,0.85,9,-5.402,1,0.0452,0.0728,0,0.26,0.386,119.985,audio_features,7D49Iig0avHre9RFSUMkd2,spotify:track:7D49Iig0avHre9RFSUMkd2,https://api.spotify.com/v1/tracks/7D49Iig0avHre9RFSUMkd2,https://api.spotify.com/v1/audio-analysis/7D49Iig0avHre9RFSUMkd2,234547,4
0.53,0.95,0,-3.526,1,0.0503,0.284,0.0000101,0.211,0.733,146.035,audio_features,5XRHGXut00SrJUFmcn2lQF,spotify:track:5XRHGXut00SrJUFmcn2lQF,https://api.spotify.com/v1/tracks/5XRHGXut00SrJUFmcn2lQF,https://api.spotify.com/v1/audio-analysis/5XRHGXut00SrJUFmcn2lQF,238000,4
0.515,0.767,2,-6.199,1,0.0352,0.098,0,0.121,0.38,148.024,audio_features,1NhPKVLsHhFUHIOZ32QnS2,spotify:track:1NhPKVLsHhFUHIOZ32QnS2,https://api.spotify.com/v1/tracks/1NhPKVLsHhFUHIOZ32QnS2,https://api.spotify.com/v1/audio-analysis/1NhPKVLsHhFUHIOZ32QnS2,224693,4
0.479,0.419,0,-6.517,1,0.0389,0.568,0.000217,0.11,0.186,85.014,audio_features,5Db9VIdDsN5yu3Eu7CT0i4,spotify:track:5Db9VIdDsN5yu3Eu7CT0i4,https://api.spotify.com/v1/tracks/5Db9VIdDsN5yu3Eu7CT0i4,https://api.spotify.com/v1/audio-analysis/5Db9VIdDsN5yu3Eu7CT0i4,172724,4
0.628,0.867,9,-3.555,1,0.0913,0.0108,0,0.308,0.597,78.043,audio_features,02ILwrgX3DDx9mclP2EI41,spotify:track:02ILwrgX3DDx9mclP2EI41,https://api.spotify.com/v1/tracks/02ILwrgX3DDx9mclP2EI41,https://api.spotify.com/v1/audio-analysis/02ILwrgX3DDx9mclP2EI41,227311,4
0.707,0.924,7,-2.842,1,0.031,0.000972,0.00703,0.204,0.919,127.937,audio_features,1gihuPhrLraKYrJMAEONyc,spotify:track:1gihuPhrLraKYrJMAEONyc,https://api.spotify.com/v1/tracks/1gihuPhrLraKYrJMAEONyc,https://api.spotify.com/v1/audio-analysis/1gihuPhrLraKYrJMAEONyc,206413,4
0.695,0.869,8,-5.066,1,0.0483,0.41,0,0.237,0.58,124.989,audio_features,05SBRd4fXgn8FX7bf8BCAE,spotify:track:05SBRd4fXgn8FX7bf8BCAE,https://api.spotify.com/v1/tracks/05SBRd4fXgn8FX7bf8BCAE,https://api.spotify.com/v1/audio-analysis/05SBRd4fXgn8FX7bf8BCAE,234507,4
0.315,0.296,5,-13.262,1,0.0317,0.771,0,0.702,0.436,172.638,audio_features,4LloVtxNZpeh7q7xdi1DQc,spotify:track:4LloVtxNZpeh7q7xdi1DQc,https://api.spotify.com/v1/tracks/4LloVtxNZpeh7q7xdi1DQc,https://api.spotify.com/v1/audio-analysis/4LloVtxNZpeh7q7xdi1DQc,263573,4
0.677,0.89,1,-4.448,0,0.0418,0.182,0,0.0826,0.764,97.012,audio_features,24YvUQnuPL8gObCfSnAobH,spotify:track:24YvUQnuPL8gObCfSnAobH,https://api.spotify.com/v1/tracks/24YvUQnuPL8gObCfSnAobH,https://api.spotify.com/v1/audio-analysis/24YvUQnuPL8gObCfSnAobH,216773,4
0.599,0.785,3,-4.013,1,0.0309,0.448,0.00336,0.151,0.52,140.046,audio_features,0mUyMawtxj1CJ76kn9gIZK,spotify:track:0mUyMawtxj1CJ76kn9gIZK,https://api.spotify.com/v1/tracks/0mUyMawtxj1CJ76kn9gIZK,https://api.spotify.com/v1/audio-analysis/0mUyMawtxj1CJ76kn9gIZK,233640,4
0.761,0.933,10,-5.38,1,0.056,0.0908,0.0000853,0.0606,0.836,122.959,audio_features,4Y7XAxTANhu3lmnLAzhWJW,spotify:track:4Y7XAxTANhu3lmnLAzhWJW,https://api.spotify.com/v1/tracks/4Y7XAxTANhu3lmnLAzhWJW,https://api.spotify.com/v1/audio-analysis/4Y7XAxTANhu3lmnLAzhWJW,236200,4
0.697,0.878,4,-3.928,0,0.0306,0.00236,0.119,0.129,0.644,120.018,audio_features,1Z8j3DHxRi1u6cOAXemLgn,spotify:track:1Z8j3DHxRi1u6cOAXemLgn,https://api.spotify.com/v1/tracks/1Z8j3DHxRi1u6cOAXemLgn,https://api.spotify.com/v1/audio-analysis/1Z8j3DHxRi1u6cOAXemLgn,196813,4
0.751,0.855,2,-6.858,1,0.107,0.188,0,0.721,0.853,113.065,audio_features,2CaudH3u0OVioRmaIXmVml,spotify:track:2CaudH3u0OVioRmaIXmVml,https://api.spotify.com/v1/tracks/2CaudH3u0OVioRmaIXmVml,https://api.spotify.com/v1/audio-analysis/2CaudH3u0OVioRmaIXmVml,187240,4
0.856,0.609,0,-7.223,1,0.0824,0.00801,0.0000815,0.0344,0.928,114.988,audio_features,32OlwWuMpZ6b0aN2RZOeMS,spotify:track:32OlwWuMpZ6b0aN2RZOeMS,https://api.spotify.com/v1/tracks/32OlwWuMpZ6b0aN2RZOeMS,https://api.spotify.com/v1/audio-analysis/32OlwWuMpZ6b0aN2RZOeMS,269667,4
0.708,0.779,7,-6.28,1,0.0787,0.421,0.00176,0.115,0.46,142.012,audio_features,21Go4aMyLGP40ANI3TU0Fn,spotify:track:21Go4aMyLGP40ANI3TU0Fn,https://api.spotify.com/v1/tracks/21Go4aMyLGP40ANI3TU0Fn,https://api.spotify.com/v1/audio-analysis/21Go4aMyLGP40ANI3TU0Fn,218228,4
0.688,0.473,8,-9.059,1,0.167,0.716,0.0000446,0.104,0.299,84.958,audio_features,01uqI4H13Gsd8Lyl1EYd8H,spotify:track:01uqI4H13Gsd8Lyl1EYd8H,https://api.spotify.com/v1/tracks/01uqI4H13Gsd8Lyl1EYd8H,https://api.spotify.com/v1/audio-analysis/01uqI4H13Gsd8Lyl1EYd8H,318525,4
0.556,0.686,0,-5.691,1,0.027,0.00283,0,0.0667,0.42,105.99,audio_features,0VKYHUrAXZnzLpNh9YFckH,spotify:track:0VKYHUrAXZnzLpNh9YFckH,https://api.spotify.com/v1/tracks/0VKYHUrAXZnzLpNh9YFckH,https://api.spotify.com/v1/audio-analysis/0VKYHUrAXZnzLpNh9YFckH,266640,4
0.554,0.651,1,-8.193,1,0.0419,0.399,0.000418,0.208,0.581,107.912,audio_features,15DrrIod12Tc2IoMaHiwlQ,spotify:track:15DrrIod12Tc2IoMaHiwlQ,https://api.spotify.com/v1/tracks/15DrrIod12Tc2IoMaHiwlQ,https://api.spotify.com/v1/audio-analysis/15DrrIod12Tc2IoMaHiwlQ,192707,4
0.561,0.836,9,-3.939,1,0.1,0.0525,0,0.136,0.517,127.923,audio_features,5FljCWR0cys07PQ9277GTz,spotify:track:5FljCWR0cys07PQ9277GTz,https://api.spotify.com/v1/tracks/5FljCWR0cys07PQ9277GTz,https://api.spotify.com/v1/audio-analysis/5FljCWR0cys07PQ9277GTz,226987,4
0.615,0.711,11,-5.507,1,0.0779,0.0444,0,0.145,0.711,144.036,audio_features,2zJZwWF7BTGIIvrAlgzJEx,spotify:track:2zJZwWF7BTGIIvrAlgzJEx,https://api.spotify.com/v1/tracks/2zJZwWF7BTGIIvrAlgzJEx,https://api.spotify.com/v1/audio-analysis/2zJZwWF7BTGIIvrAlgzJEx,221253,4
0.568,0.631,7,-5.623,1,0.0273,0.033,0,0.144,0.23,105.096,audio_features,3ogtSrlbtiTamktbA0hw0E,spotify:track:3ogtSrlbtiTamktbA0hw0E,https://api.spotify.com/v1/tracks/3ogtSrlbtiTamktbA0hw0E,https://api.spotify.com/v1/audio-analysis/3ogtSrlbtiTamktbA0hw0E,225027,4
0.668,0.718,1,-4.736,0,0.0605,0.0165,0,0.104,0.345,91.993,audio_features,4fINc8dnfcz7AdhFYVA4i7,spotify:track:4fINc8dnfcz7AdhFYVA4i7,https://api.spotify.com/v1/tracks/4fINc8dnfcz7AdhFYVA4i7,https://api.spotify.com/v1/audio-analysis/4fINc8dnfcz7AdhFYVA4i7,192200,4
0.646,0.823,2,-4.123,0,0.0394,0.213,0,0.322,0.418,128.035,audio_features,7MmG8p0F9N3C4AXdK6o6Eb,spotify:track:7MmG8p0F9N3C4AXdK6o6Eb,https://api.spotify.com/v1/tracks/7MmG8p0F9N3C4AXdK6o6Eb,https://api.spotify.com/v1/audio-analysis/7MmG8p0F9N3C4AXdK6o6Eb,227267,4
0.722,0.827,1,-6.501,0,0.0659,0.0844,0.0000914,0.0654,0.346,121.896,audio_features,3Wb4T8OJg4obJNBMUYgfPm,spotify:track:3Wb4T8OJg4obJNBMUYgfPm,https://api.spotify.com/v1/tracks/3Wb4T8OJg4obJNBMUYgfPm,https://api.spotify.com/v1/audio-analysis/3Wb4T8OJg4obJNBMUYgfPm,197954,4
0.672,0.52,8,-7.747,1,0.0353,0.859,0,0.115,0.37,120.001,audio_features,5O2P9iiztwhomNh8xkR9lJ,spotify:track:5O2P9iiztwhomNh8xkR9lJ,https://api.spotify.com/v1/tracks/5O2P9iiztwhomNh8xkR9lJ,https://api.spotify.com/v1/audio-analysis/5O2P9iiztwhomNh8xkR9lJ,226600,4
0.6,0.663,3,-5.802,1,0.0477,0.225,0,0.119,0.286,121.07,audio_features,4nVBt6MZDDP6tRVdQTgxJg,spotify:track:4nVBt6MZDDP6tRVdQTgxJg,https://api.spotify.com/v1/tracks/4nVBt6MZDDP6tRVdQTgxJg,https://api.spotify.com/v1/audio-analysis/4nVBt6MZDDP6tRVdQTgxJg,245493,4
0.536,0.768,10,-5.948,0,0.0347,0.00433,0,0.114,0.545,77.217,audio_features,2Bs4jQEGMycglOfWPBqrVG,spotify:track:2Bs4jQEGMycglOfWPBqrVG,https://api.spotify.com/v1/tracks/2Bs4jQEGMycglOfWPBqrVG,https://api.spotify.com/v1/audio-analysis/2Bs4jQEGMycglOfWPBqrVG,228133,4
0.652,0.877,1,-2.986,1,0.0465,0.0227,0,0.0789,0.486,118.491,audio_features,5T7ZFtCcOgkpjxcuaeZbw0,spotify:track:5T7ZFtCcOgkpjxcuaeZbw0,https://api.spotify.com/v1/tracks/5T7ZFtCcOgkpjxcuaeZbw0,https://api.spotify.com/v1/audio-analysis/5T7ZFtCcOgkpjxcuaeZbw0,200107,4
0.678,0.847,2,-5.226,1,0.169,0.189,0.000322,0.231,0.733,133.696,audio_features,2FFOQpNyN4us5DaVaf6Qcc,spotify:track:2FFOQpNyN4us5DaVaf6Qcc,https://api.spotify.com/v1/tracks/2FFOQpNyN4us5DaVaf6Qcc,https://api.spotify.com/v1/audio-analysis/2FFOQpNyN4us5DaVaf6Qcc,192670,4
0.526,0.772,11,-7.229,0,0.0479,0.0346,0,0.214,0.482,85.876,audio_features,2stPxcgjdSImK7Gizl8ZUN,spotify:track:2stPxcgjdSImK7Gizl8ZUN,https://api.spotify.com/v1/tracks/2stPxcgjdSImK7Gizl8ZUN,https://api.spotify.com/v1/audio-analysis/2stPxcgjdSImK7Gizl8ZUN,254880,4
0.818,0.67,8,-4.451,0,0.0472,0.304,0.00000122,0.0601,0.939,119.988,audio_features,6K8qKeWo5MsFED7wCR6Kop,spotify:track:6K8qKeWo5MsFED7wCR6Kop,https://api.spotify.com/v1/tracks/6K8qKeWo5MsFED7wCR6Kop,https://api.spotify.com/v1/audio-analysis/6K8qKeWo5MsFED7wCR6Kop,235382,4
0.61,0.622,0,-5.881,1,0.0528,0.17,0,0.115,0.245,72.54,audio_features,3ms861Ocy6YlgWhefVoTzX,spotify:track:3ms861Ocy6YlgWhefVoTzX,https://api.spotify.com/v1/tracks/3ms861Ocy6YlgWhefVoTzX,https://api.spotify.com/v1/audio-analysis/3ms861Ocy6YlgWhefVoTzX,207573,4
0.72,0.802,1,-5.797,1,0.0582,0.0921,0,0.694,0.723,124.043,audio_features,2bJvI42r8EF3wxjOuDav4r,spotify:track:2bJvI42r8EF3wxjOuDav4r,https://api.spotify.com/v1/tracks/2bJvI42r8EF3wxjOuDav4r,https://api.spotify.com/v1/audio-analysis/2bJvI42r8EF3wxjOuDav4r,229360,4
0.671,0.939,8,-3.206,1,0.161,0.192,0,0.298,0.529,129.023,audio_features,15NcGkc9s8Afn9tJ66deRV,spotify:track:15NcGkc9s8Afn9tJ66deRV,https://api.spotify.com/v1/tracks/15NcGkc9s8Afn9tJ66deRV,https://api.spotify.com/v1/audio-analysis/15NcGkc9s8Afn9tJ66deRV,252307,4
0.741,0.748,0,-6.299,1,0.0264,0.0823,0,0.34,0.6,127.965,audio_features,4vp2J1l5RD4gMZwGFLfRAu,spotify:track:4vp2J1l5RD4gMZwGFLfRAu,https://api.spotify.com/v1/tracks/4vp2J1l5RD4gMZwGFLfRAu,https://api.spotify.com/v1/audio-analysis/4vp2J1l5RD4gMZwGFLfRAu,289133,4
0.574,0.512,5,-6.664,0,0.0503,0.234,0,0.0946,0.512,76.899,audio_features,2JZKXgq5zsokN01KWyiY6n,spotify:track:2JZKXgq5zsokN01KWyiY6n,https://api.spotify.com/v1/tracks/2JZKXgq5zsokN01KWyiY6n,https://api.spotify.com/v1/audio-analysis/2JZKXgq5zsokN01KWyiY6n,484147,4
0.663,0.693,11,-4.505,0,0.0311,0.0149,0,0.0778,0.71,66.002,audio_features,7LP4Es66zdY7CyjepqmvAg,spotify:track:7LP4Es66zdY7CyjepqmvAg,https://api.spotify.com/v1/tracks/7LP4Es66zdY7CyjepqmvAg,https://api.spotify.com/v1/audio-analysis/7LP4Es66zdY7CyjepqmvAg,212107,4
0.688,0.853,10,-5.814,1,0.0493,0.386,0,0.0862,0.743,103.993,audio_features,59dLtGBS26x7kc0rHbaPrq,spotify:track:59dLtGBS26x7kc0rHbaPrq,https://api.spotify.com/v1/tracks/59dLtGBS26x7kc0rHbaPrq,https://api.spotify.com/v1/audio-analysis/59dLtGBS26x7kc0rHbaPrq,268320,4
0.722,0.958,4,-3.617,1,0.0912,0.00726,0,0.375,0.952,127.008,audio_features,3Tu7uWBecS6GsLsL8UONKn,spotify:track:3Tu7uWBecS6GsLsL8UONKn,https://api.spotify.com/v1/tracks/3Tu7uWBecS6GsLsL8UONKn,https://api.spotify.com/v1/audio-analysis/3Tu7uWBecS6GsLsL8UONKn,206120,4
0.659,0.935,10,-2.739,0,0.107,0.0253,0,0.0653,0.73,129.048,audio_features,4nVyHATevhl5RC6Qmoko5H,spotify:track:4nVyHATevhl5RC6Qmoko5H,https://api.spotify.com/v1/tracks/4nVyHATevhl5RC6Qmoko5H,https://api.spotify.com/v1/audio-analysis/4nVyHATevhl5RC6Qmoko5H,231787,4
0.654,0.61,8,-6.051,1,0.0285,0.0399,0,0.101,0.118,118.032,audio_features,6ucR4KfvsBFWCMVFDvyKKl,spotify:track:6ucR4KfvsBFWCMVFDvyKKl,https://api.spotify.com/v1/tracks/6ucR4KfvsBFWCMVFDvyKKl,https://api.spotify.com/v1/audio-analysis/6ucR4KfvsBFWCMVFDvyKKl,184400,4
0.635,0.691,0,-4.862,1,0.258,0.555,0,0.097,0.638,82.142,audio_features,5KONnBIQ9LqCxyeSPin26k,spotify:track:5KONnBIQ9LqCxyeSPin26k,https://api.spotify.com/v1/tracks/5KONnBIQ9LqCxyeSPin26k,https://api.spotify.com/v1/audio-analysis/5KONnBIQ9LqCxyeSPin26k,217419,4
0.75,0.78,4,-3.155,1,0.0898,0.00622,0,0.0263,0.824,119.985,audio_features,1DqdF42leyFIzqNDv9CjId,spotify:track:1DqdF42leyFIzqNDv9CjId,https://api.spotify.com/v1/tracks/1DqdF42leyFIzqNDv9CjId,https://api.spotify.com/v1/audio-analysis/1DqdF42leyFIzqNDv9CjId,203867,4
0.717,0.455,5,-8.303,1,0.0276,0.0846,0,0.11,0.389,127.81,audio_features,7q0aQpiLv5tIsupcgQ3Ny4,spotify:track:7q0aQpiLv5tIsupcgQ3Ny4,https://api.spotify.com/v1/tracks/7q0aQpiLv5tIsupcgQ3Ny4,https://api.spotify.com/v1/audio-analysis/7q0aQpiLv5tIsupcgQ3Ny4,200733,4
0.753,0.796,9,-6.406,1,0.0576,0.0378,0,0.331,0.605,122.025,audio_features,4orphgwPHHRsdEkfUmANSD,spotify:track:4orphgwPHHRsdEkfUmANSD,https://api.spotify.com/v1/tracks/4orphgwPHHRsdEkfUmANSD,https://api.spotify.com/v1/audio-analysis/4orphgwPHHRsdEkfUmANSD,199263,4
0.82,0.731,9,-6.02,1,0.159,0.0133,0.0000194,0.131,0.793,127.076,audio_features,5RzFJd6W40SDTyZkX6xx45,spotify:track:5RzFJd6W40SDTyZkX6xx45,https://api.spotify.com/v1/tracks/5RzFJd6W40SDTyZkX6xx45,https://api.spotify.com/v1/audio-analysis/5RzFJd6W40SDTyZkX6xx45,237120,4
0.276,0.715,0,-5.356,1,0.0432,0.00552,0.000417,0.201,0.173,137.028,audio_features,5VGlqQANWDKJFl0MBG3sg2,spotify:track:5VGlqQANWDKJFl0MBG3sg2,https://api.spotify.com/v1/tracks/5VGlqQANWDKJFl0MBG3sg2,https://api.spotify.com/v1/audio-analysis/5VGlqQANWDKJFl0MBG3sg2,230760,4
0.782,0.808,2,-8.374,1,0.0291,0.0298,0,0.161,0.971,104.983,audio_features,1DzQvaFztN7CnbqcXOO5k0,spotify:track:1DzQvaFztN7CnbqcXOO5k0,https://api.spotify.com/v1/tracks/1DzQvaFztN7CnbqcXOO5k0,https://api.spotify.com/v1/audio-analysis/1DzQvaFztN7CnbqcXOO5k0,176592,4
0.706,0.89,1,-4.444,0,0.0688,0.0588,0.00286,0.306,0.684,128.011,audio_features,2LEF1A8DOZ9wRYikWgVlZ8,spotify:track:2LEF1A8DOZ9wRYikWgVlZ8,https://api.spotify.com/v1/tracks/2LEF1A8DOZ9wRYikWgVlZ8,https://api.spotify.com/v1/audio-analysis/2LEF1A8DOZ9wRYikWgVlZ8,248133,4
0.731,0.813,6,-7.366,0,0.065,0.00439,0.0000035,0.26,0.497,130.028,audio_features,4uGucgzv0ydi35DgAlsTQ4,spotify:track:4uGucgzv0ydi35DgAlsTQ4,https://api.spotify.com/v1/tracks/4uGucgzv0ydi35DgAlsTQ4,https://api.spotify.com/v1/audio-analysis/4uGucgzv0ydi35DgAlsTQ4,208920,4
0.666,0.878,7,-2.85,0,0.0973,0.03,0,0.0828,0.669,119.932,audio_features,5tXyNhNcsnn7HbcABntOSf,spotify:track:5tXyNhNcsnn7HbcABntOSf,https://api.spotify.com/v1/tracks/5tXyNhNcsnn7HbcABntOSf,https://api.spotify.com/v1/audio-analysis/5tXyNhNcsnn7HbcABntOSf,222160,4
0.565,0.73,1,-4.54,1,0.031,0.0879,0,0.0652,0.408,82.058,audio_features,1lAnSi0iSTbto9WnRcnyC1,spotify:track:1lAnSi0iSTbto9WnRcnyC1,https://api.spotify.com/v1/tracks/1lAnSi0iSTbto9WnRcnyC1,https://api.spotify.com/v1/audio-analysis/1lAnSi0iSTbto9WnRcnyC1,236773,4
0.531,0.542,8,-7.721,1,0.0432,0.356,0,0.119,0.726,171.878,audio_features,6MDTpYxPFL0wtFd0pjfKws,spotify:track:6MDTpYxPFL0wtFd0pjfKws,https://api.spotify.com/v1/tracks/6MDTpYxPFL0wtFd0pjfKws,https://api.spotify.com/v1/audio-analysis/6MDTpYxPFL0wtFd0pjfKws,200200,4
0.775,0.68,0,-5.508,0,0.0629,0.00906,0,0.109,0.656,114.025,audio_features,0HFx7PLqzGxSfN59j3UHmR,spotify:track:0HFx7PLqzGxSfN59j3UHmR,https://api.spotify.com/v1/tracks/0HFx7PLqzGxSfN59j3UHmR,https://api.spotify.com/v1/audio-analysis/0HFx7PLqzGxSfN59j3UHmR,207719,4
0.578,0.866,1,-3.804,1,0.0619,0.00701,0,0.257,0.619,128.038,audio_features,4kbj5MwxO1bq9wjT5g9HaA,spotify:track:4kbj5MwxO1bq9wjT5g9HaA,https://api.spotify.com/v1/tracks/4kbj5MwxO1bq9wjT5g9HaA,https://api.spotify.com/v1/audio-analysis/4kbj5MwxO1bq9wjT5g9HaA,199080,4
0.674,0.785,1,-6.27,1,0.0361,0.13,0,0.122,0.4,120.017,audio_features,5H0ajL4EHsrcAEGESo2Lzx,spotify:track:5H0ajL4EHsrcAEGESo2Lzx,https://api.spotify.com/v1/tracks/5H0ajL4EHsrcAEGESo2Lzx,https://api.spotify.com/v1/audio-analysis/5H0ajL4EHsrcAEGESo2Lzx,229973,4
0.553,0.806,10,-5.783,1,0.249,0.134,0,0.0678,0.961,86.818,audio_features,4pg1CRAajCYbb1q2sZypPf,spotify:track:4pg1CRAajCYbb1q2sZypPf,https://api.spotify.com/v1/tracks/4pg1CRAajCYbb1q2sZypPf,https://api.spotify.com/v1/audio-analysis/4pg1CRAajCYbb1q2sZypPf,199627,5
0.637,0.83,11,-6.808,0,0.0865,0.0273,0,0.0489,0.446,127.952,audio_features,5wzF54886ZLxexpY6h1VhU,spotify:track:5wzF54886ZLxexpY6h1VhU,https://api.spotify.com/v1/tracks/5wzF54886ZLxexpY6h1VhU,https://api.spotify.com/v1/audio-analysis/5wzF54886ZLxexpY6h1VhU,220093,4
0.268,0.742,5,-4.939,1,0.0355,0.0518,0,0.626,0.416,159.779,audio_features,64yrDBpcdwEdNY9loyEGbX,spotify:track:64yrDBpcdwEdNY9loyEGbX,https://api.spotify.com/v1/tracks/64yrDBpcdwEdNY9loyEGbX,https://api.spotify.com/v1/audio-analysis/64yrDBpcdwEdNY9loyEGbX,321093,4
0.689,0.481,10,-7.503,1,0.0815,0.369,0.00000103,0.0649,0.283,80.025,audio_features,7wqSzGeodspE3V6RBD5W8L,spotify:track:7wqSzGeodspE3V6RBD5W8L,https://api.spotify.com/v1/tracks/7wqSzGeodspE3V6RBD5W8L,https://api.spotify.com/v1/audio-analysis/7wqSzGeodspE3V6RBD5W8L,229526,4
0.658,0.296,2,-10.584,1,0.0293,0.872,0,0.114,0.311,103.975,audio_features,0THbsvMRmCHpFT3YLX301c,spotify:track:0THbsvMRmCHpFT3YLX301c,https://api.spotify.com/v1/tracks/0THbsvMRmCHpFT3YLX301c,https://api.spotify.com/v1/audio-analysis/0THbsvMRmCHpFT3YLX301c,232813,4
0.464,0.525,2,-6.965,1,0.0281,0.64,0.00000664,0.104,0.616,90.41,audio_features,5VWmMZCfJ4yVkJw9ZLFXej,spotify:track:5VWmMZCfJ4yVkJw9ZLFXej,https://api.spotify.com/v1/tracks/5VWmMZCfJ4yVkJw9ZLFXej,https://api.spotify.com/v1/audio-analysis/5VWmMZCfJ4yVkJw9ZLFXej,198360,4
0.64,0.755,9,-5.035,0,0.0311,0.122,0,0.152,0.833,96.945,audio_features,1HWmbzVLBFG9P5mBI1GG46,spotify:track:1HWmbzVLBFG9P5mBI1GG46,https://api.spotify.com/v1/tracks/1HWmbzVLBFG9P5mBI1GG46,https://api.spotify.com/v1/audio-analysis/1HWmbzVLBFG9P5mBI1GG46,191947,4
0.623,0.956,4,-2.608,0,0.0753,0.119,0.000227,0.617,0.739,149.958,audio_features,5PUawWFG1oIS2NwEcyHaCr,spotify:track:5PUawWFG1oIS2NwEcyHaCr,https://api.spotify.com/v1/tracks/5PUawWFG1oIS2NwEcyHaCr,https://api.spotify.com/v1/audio-analysis/5PUawWFG1oIS2NwEcyHaCr,211573,4
0.714,0.725,4,-6.411,1,0.0402,0.0156,0,0.0726,0.59,99.988,audio_features,6ihL9TjfRjadfEePzXXyVF,spotify:track:6ihL9TjfRjadfEePzXXyVF,https://api.spotify.com/v1/tracks/6ihL9TjfRjadfEePzXXyVF,https://api.spotify.com/v1/audio-analysis/6ihL9TjfRjadfEePzXXyVF,213107,4
0.592,0.729,8,-4.156,1,0.0448,0.022,0,0.0653,0.709,116.03,audio_features,1N62wozuHCvczCkY4QidpP,spotify:track:1N62wozuHCvczCkY4QidpP,https://api.spotify.com/v1/tracks/1N62wozuHCvczCkY4QidpP,https://api.spotify.com/v1/audio-analysis/1N62wozuHCvczCkY4QidpP,236267,4
0.561,0.927,9,-4.374,0,0.0619,0.0313,0.0000234,0.529,0.553,152.011,audio_features,7s0lDK7y3XLmI7tcsRAbW0,spotify:track:7s0lDK7y3XLmI7tcsRAbW0,https://api.spotify.com/v1/tracks/7s0lDK7y3XLmI7tcsRAbW0,https://api.spotify.com/v1/audio-analysis/7s0lDK7y3XLmI7tcsRAbW0,186827,4
0.629,0.897,2,-3.401,1,0.0483,0.0424,0,0.263,0.93,161.944,audio_features,3mcG2NI5G5vhrQtRda1YnA,spotify:track:3mcG2NI5G5vhrQtRda1YnA,https://api.spotify.com/v1/tracks/3mcG2NI5G5vhrQtRda1YnA,https://api.spotify.com/v1/audio-analysis/3mcG2NI5G5vhrQtRda1YnA,168253,4
0.698,0.844,7,-4.549,0,0.067,0.0577,0.0000169,0.105,0.446,126.937,audio_features,1OXfWI3FQMdsKKC6lkvzSx,spotify:track:1OXfWI3FQMdsKKC6lkvzSx,https://api.spotify.com/v1/tracks/1OXfWI3FQMdsKKC6lkvzSx,https://api.spotify.com/v1/audio-analysis/1OXfWI3FQMdsKKC6lkvzSx,198467,4
0.579,0.731,11,-4.16,0,0.0452,0.0137,0,0.113,0.284,126.07,audio_features,4sK96UnGx3NjBaqvfTG2dm,spotify:track:4sK96UnGx3NjBaqvfTG2dm,https://api.spotify.com/v1/tracks/4sK96UnGx3NjBaqvfTG2dm,https://api.spotify.com/v1/audio-analysis/4sK96UnGx3NjBaqvfTG2dm,256560,4
0.516,0.806,2,-5.133,1,0.0538,0.00389,0.000674,0.115,0.577,124.118,audio_features,4QRZirU4s1f30iDHzuKncj,spotify:track:4QRZirU4s1f30iDHzuKncj,https://api.spotify.com/v1/tracks/4QRZirU4s1f30iDHzuKncj,https://api.spotify.com/v1/audio-analysis/4QRZirU4s1f30iDHzuKncj,249693,4
0.726,0.698,5,-4.165,1,0.0431,0.049,0,0.309,0.867,143.994,audio_features,1qCdYQdkWvm4cYXAuOlbyc,spotify:track:1qCdYQdkWvm4cYXAuOlbyc,https://api.spotify.com/v1/tracks/1qCdYQdkWvm4cYXAuOlbyc,https://api.spotify.com/v1/audio-analysis/1qCdYQdkWvm4cYXAuOlbyc,233478,4
0.707,0.79,5,-6.543,1,0.0386,0.00534,0,0.0866,0.615,100.01,audio_features,5x45ULRgVLL68exMoRCcGt,spotify:track:5x45ULRgVLL68exMoRCcGt,https://api.spotify.com/v1/tracks/5x45ULRgVLL68exMoRCcGt,https://api.spotify.com/v1/audio-analysis/5x45ULRgVLL68exMoRCcGt,258360,4
0.585,0.303,4,-10.058,1,0.0398,0.694,0,0.115,0.142,136.703,audio_features,05pKAafT85jeeNhZ6kq7HT,spotify:track:05pKAafT85jeeNhZ6kq7HT,https://api.spotify.com/v1/tracks/05pKAafT85jeeNhZ6kq7HT,https://api.spotify.com/v1/audio-analysis/05pKAafT85jeeNhZ6kq7HT,240166,3
0.672,0.901,2,-2.415,1,0.0353,0.0545,0.000285,0.0792,0.507,99.989,audio_features,5k31cAfP8yymw8v0AYQIjr,spotify:track:5k31cAfP8yymw8v0AYQIjr,https://api.spotify.com/v1/tracks/5k31cAfP8yymw8v0AYQIjr,https://api.spotify.com/v1/audio-analysis/5k31cAfP8yymw8v0AYQIjr,194000,4
0.706,0.558,2,-7.237,0,0.0593,0.146,0,0.118,0.227,110.443,audio_features,2tJulUYLDKOg9XrtVkMgcJ,spotify:track:2tJulUYLDKOg9XrtVkMgcJ,https://api.spotify.com/v1/tracks/2tJulUYLDKOg9XrtVkMgcJ,https://api.spotify.com/v1/audio-analysis/2tJulUYLDKOg9XrtVkMgcJ,223253,4
0.407,0.147,2,-8.822,1,0.0355,0.857,0.00000289,0.0913,0.0765,141.284,audio_features,6Vc5wAMmXdKIAM7WUoEb7N,spotify:track:6Vc5wAMmXdKIAM7WUoEb7N,https://api.spotify.com/v1/tracks/6Vc5wAMmXdKIAM7WUoEb7N,https://api.spotify.com/v1/audio-analysis/6Vc5wAMmXdKIAM7WUoEb7N,229400,3
